archive_path,source,reason,byte_count,sha256
01_CANONICAL_CORPUS/e54d849845def200__canonical_intel_records_deduped_full.jsonl,NEXTPredict_All_Intel_2026-07-16_SINGLE_COMPACT_LOSSLESS.zip,canonical_or_action_corpus,27487869,e54d849845def20069c392535dd8bb2be434eb8d5124411138c6c51b0e4ccbf1
01_CANONICAL_CORPUS/8481a415c9e9ef64__social_actions_shortlist.jsonl,NEXTPredict_All_Intel_2026-07-16_SINGLE_COMPACT_LOSSLESS.zip,canonical_or_action_corpus,11806092,8481a415c9e9ef642e762fb9bd33ab369cfd9dcf95d5c09f76f4472928e1ed74
01_CANONICAL_CORPUS/673fd690141f1a1e__nexpredict_intel_canonical_full.jsonl,NEXTPredict_All_Intel_2026-07-16_SINGLE_COMPACT_LOSSLESS.zip,canonical_or_action_corpus,6285699,673fd690141f1a1e518ab7fc0a4d782b1dea7044e90d294493ae81fc3d4a009c
00_METADATA/FULL_ARCHIVE_ARCHIVE_CONTAINER_MAP.csv,NEXTPredict_All_Intel_2026-07-16_SINGLE_COMPACT_LOSSLESS.zip,compact_archive_metadata,531072,7c9d115d64c0bad470d0b0c187e84dcb2b4a79ea801ad37053b90ae8b5d1a32e
00_METADATA/FULL_ARCHIVE_DUPLICATE_GROUPS.csv,NEXTPredict_All_Intel_2026-07-16_SINGLE_COMPACT_LOSSLESS.zip,compact_archive_metadata,275305,f33fbe051a29d85854690c7c8a7a9b62f9d855f04e2473ee4b2a52d571e1c379
00_METADATA/FULL_ARCHIVE_PROCESSING_ERRORS.json,NEXTPredict_All_Intel_2026-07-16_SINGLE_COMPACT_LOSSLESS.zip,compact_archive_metadata,2,4f53cda18c2baa0c0354bb5f9a3ecbe5ed12ab4d8e11ba873c2f11161202b945
00_METADATA/FULL_ARCHIVE_UNIQUE_FILE_MANIFEST.csv,NEXTPredict_All_Intel_2026-07-16_SINGLE_COMPACT_LOSSLESS.zip,compact_archive_metadata,501470,94ff460160a62e700d7f20752dba47c2cabc7ad15ea9354322b7220576fbf335
02_CURRENT_BATCHES/NEXTPredict_LinkedIn_Articles_2026-07-16_BATCH_02_LOSSLESS/NEXTPredict_LinkedIn_Articles_2026-07-16_BATCH_02_LOSSLESS/01_SOURCE_FILES_LOSSLESS.jsonl,NEXTPredict_LinkedIn_Articles_2026-07-16_BATCH_02_LOSSLESS.zip,current_batch_searchable_text_or_index,358114,d5c3282ca1946b168dc3662e64cbce507cf82b1211fd519178ba07157ee9650c
02_CURRENT_BATCHES/NEXTPredict_LinkedIn_Articles_2026-07-16_BATCH_02_LOSSLESS/NEXTPredict_LinkedIn_Articles_2026-07-16_BATCH_02_LOSSLESS/02_ARTICLE_OCCURRENCES_LOSSLESS.jsonl,NEXTPredict_LinkedIn_Articles_2026-07-16_BATCH_02_LOSSLESS.zip,current_batch_searchable_text_or_index,373350,e31e39fc97765ca82749126e8c65646d30683ea127a0ad6224f7731d587e8b69
02_CURRENT_BATCHES/NEXTPredict_LinkedIn_Articles_2026-07-16_BATCH_02_LOSSLESS/NEXTPredict_LinkedIn_Articles_2026-07-16_BATCH_02_LOSSLESS/03_SOURCE_FILE_MANIFEST.csv,NEXTPredict_LinkedIn_Articles_2026-07-16_BATCH_02_LOSSLESS.zip,current_batch_searchable_text_or_index,2709,4c69058385826dc8b14f7e5fc12c4732aff3a0606cec5c4fa8dbe299d1519b15
02_CURRENT_BATCHES/NEXTPredict_LinkedIn_Articles_2026-07-16_BATCH_02_LOSSLESS/NEXTPredict_LinkedIn_Articles_2026-07-16_BATCH_02_LOSSLESS/04_ARTICLE_OCCURRENCE_INDEX.csv,NEXTPredict_LinkedIn_Articles_2026-07-16_BATCH_02_LOSSLESS.zip,current_batch_searchable_text_or_index,10748,eb06a3a3d1d118b849986d8734cae0b3ec8c23ca0a76132900896062baac8600
02_CURRENT_BATCHES/NEXTPredict_LinkedIn_Articles_2026-07-16_BATCH_02_LOSSLESS/NEXTPredict_LinkedIn_Articles_2026-07-16_BATCH_02_LOSSLESS/05_DUPLICATE_MAP.json,NEXTPredict_LinkedIn_Articles_2026-07-16_BATCH_02_LOSSLESS.zip,current_batch_searchable_text_or_index,309,7dbdf0fe1e21c608fc9e54ecc1e12e1d2cef62e913fd7a32d71de0630afefd09
02_CURRENT_BATCHES/NEXTPredict_LinkedIn_Articles_2026-07-16_BATCH_02_LOSSLESS/NEXTPredict_LinkedIn_Articles_2026-07-16_BATCH_02_LOSSLESS/06_VALIDATION_MANIFEST.json,NEXTPredict_LinkedIn_Articles_2026-07-16_BATCH_02_LOSSLESS.zip,current_batch_searchable_text_or_index,681,e627792002759d79054e8421a6ebd8bdb75985d8320e504db24929fcffd59294
02_CURRENT_BATCHES/NEXTPredict_LinkedIn_Articles_2026-07-16_BATCH_02_LOSSLESS/NEXTPredict_LinkedIn_Articles_2026-07-16_BATCH_02_LOSSLESS/README.md,NEXTPredict_LinkedIn_Articles_2026-07-16_BATCH_02_LOSSLESS.zip,current_batch_searchable_text_or_index,1379,65a74ae4b5f77023ca12617dc956ce392be7c7831020ab6c040280db2d34b451
02_CURRENT_BATCHES/NEXTPredict_LinkedIn_Articles_2026-07-16_SOURCE_PACK/NEXTPredict_LinkedIn_Articles_2026-07-16_SOURCE_PACK/01_ATTACHED_ARTICLES_LOSSLESS.jsonl,NEXTPredict_LinkedIn_Articles_2026-07-16_SOURCE_PACK.zip,current_batch_searchable_text_or_index,147448,2bdb01ddd18a2483413c42c4e0d7f8e23a9638d5963a26af54a808e12a727270
02_CURRENT_BATCHES/NEXTPredict_LinkedIn_Articles_2026-07-16_SOURCE_PACK/NEXTPredict_LinkedIn_Articles_2026-07-16_SOURCE_PACK/02_ATTACHED_ARTICLES_INDEX.csv,NEXTPredict_LinkedIn_Articles_2026-07-16_SOURCE_PACK.zip,current_batch_searchable_text_or_index,4234,5d9b8dcd1c5c3c8e4de6fa433ad5d9ad63a3b0de6cc23fc43cfa877b2bf2769f
02_CURRENT_BATCHES/NEXTPredict_LinkedIn_Articles_2026-07-16_SOURCE_PACK/NEXTPredict_LinkedIn_Articles_2026-07-16_SOURCE_PACK/03_INLINE_CHAT_ARTICLE_OCCURRENCE_INDEX.csv,NEXTPredict_LinkedIn_Articles_2026-07-16_SOURCE_PACK.zip,current_batch_searchable_text_or_index,3508,02d54af38831a0a6486697d4ab242945ac54044a28c3bc4892a4db1d721f56cc
02_CURRENT_BATCHES/NEXTPredict_LinkedIn_Articles_2026-07-16_SOURCE_PACK/NEXTPredict_LinkedIn_Articles_2026-07-16_SOURCE_PACK/04_COMBINED_ARTICLE_CATALOGUE.csv,NEXTPredict_LinkedIn_Articles_2026-07-16_SOURCE_PACK.zip,current_batch_searchable_text_or_index,4373,ed2d0367ebade22fc024cd6ce072b2938321c1921903171b82d791edbfb39d1c
02_CURRENT_BATCHES/NEXTPredict_LinkedIn_Articles_2026-07-16_SOURCE_PACK/NEXTPredict_LinkedIn_Articles_2026-07-16_SOURCE_PACK/05_VALIDATION_MANIFEST.json,NEXTPredict_LinkedIn_Articles_2026-07-16_SOURCE_PACK.zip,current_batch_searchable_text_or_index,2887,141ea928878d6a11446185812db94563ecd679f4257b815700a4d73de9ae1287
02_CURRENT_BATCHES/NEXTPredict_LinkedIn_Articles_2026-07-16_SOURCE_PACK/NEXTPredict_LinkedIn_Articles_2026-07-16_SOURCE_PACK/README.md,NEXTPredict_LinkedIn_Articles_2026-07-16_SOURCE_PACK.zip,current_batch_searchable_text_or_index,1389,f5d02c1a1d81b4f3225ad80f3a7dc4a70559fbde4e275757e61cbcf960638125
02_CURRENT_BATCHES/NEXTPredict_LinkedIn_Intel_2026-07-16_LOSSLESS/NEXTPredict_LinkedIn_Intel_2026-07-16_LOSSLESS/01_capture_preamble.txt,NEXTPredict_LinkedIn_Intel_2026-07-16_LOSSLESS.zip,current_batch_searchable_text_or_index,215,52c7bc342645955904412d73d8578e993a41ddde110419793d34c4b4ebac8a89
02_CURRENT_BATCHES/NEXTPredict_LinkedIn_Intel_2026-07-16_LOSSLESS/NEXTPredict_LinkedIn_Intel_2026-07-16_LOSSLESS/02_linkedin_posts_lossless.jsonl,NEXTPredict_LinkedIn_Intel_2026-07-16_LOSSLESS.zip,current_batch_searchable_text_or_index,483552,652c66e2f9c1859b956730ead51abaa8beccfb02abfc94ce160135cca901a359
02_CURRENT_BATCHES/NEXTPredict_LinkedIn_Intel_2026-07-16_LOSSLESS/NEXTPredict_LinkedIn_Intel_2026-07-16_LOSSLESS/03_linkedin_posts_index.csv,NEXTPredict_LinkedIn_Intel_2026-07-16_LOSSLESS.zip,current_batch_searchable_text_or_index,56310,2e94ffb768e0beeb133ff914b7ddff83152d723c964214c9078dad6a9b3a3c20
02_CURRENT_BATCHES/NEXTPredict_LinkedIn_Intel_2026-07-16_LOSSLESS/NEXTPredict_LinkedIn_Intel_2026-07-16_LOSSLESS/04_validation_manifest.json,NEXTPredict_LinkedIn_Intel_2026-07-16_LOSSLESS.zip,current_batch_searchable_text_or_index,461,a690c01210ced964bfc348e2f1274c050c1435a6e9f45f822a72f4bd53b44345
02_CURRENT_BATCHES/NEXTPredict_LinkedIn_Intel_2026-07-16_LOSSLESS/NEXTPredict_LinkedIn_Intel_2026-07-16_LOSSLESS/README.md,NEXTPredict_LinkedIn_Intel_2026-07-16_LOSSLESS.zip,current_batch_searchable_text_or_index,1033,1f66d60428aae09615f204b3c3908a0339963c8796709380907f54f270939ced
02_CURRENT_BATCHES/NEXTPredict_LinkedIn_Jobs_Intel_2026-07-16_BATCH_01_LOSSLESS/NEXTPredict_LinkedIn_Jobs_Intel_2026-07-16_BATCH_01_LOSSLESS/01_SOURCE_FILES_LOSSLESS.jsonl,NEXTPredict_LinkedIn_Jobs_Intel_2026-07-16_BATCH_01_LOSSLESS.zip,current_batch_searchable_text_or_index,38352,0324a6050fe2b26f7ed3e39c60929be67156010b04502699bcf45687c1f77a3a
02_CURRENT_BATCHES/NEXTPredict_LinkedIn_Jobs_Intel_2026-07-16_BATCH_01_LOSSLESS/NEXTPredict_LinkedIn_Jobs_Intel_2026-07-16_BATCH_01_LOSSLESS/02_SEARCH_RESULT_OCCURRENCES.csv,NEXTPredict_LinkedIn_Jobs_Intel_2026-07-16_BATCH_01_LOSSLESS.zip,current_batch_searchable_text_or_index,8873,52d4c0fa5fba727e9724122c31fe6cc0febd857fe944f18cfe0c5efee094283a
02_CURRENT_BATCHES/NEXTPredict_LinkedIn_Jobs_Intel_2026-07-16_BATCH_01_LOSSLESS/NEXTPredict_LinkedIn_Jobs_Intel_2026-07-16_BATCH_01_LOSSLESS/03_UNIQUE_JOB_INDEX.csv,NEXTPredict_LinkedIn_Jobs_Intel_2026-07-16_BATCH_01_LOSSLESS.zip,current_batch_searchable_text_or_index,2722,75217ad0bc16d43c30809f74393fca6322a6975da4c13a3cbd7fd0d66ff31994
02_CURRENT_BATCHES/NEXTPredict_LinkedIn_Jobs_Intel_2026-07-16_BATCH_01_LOSSLESS/NEXTPredict_LinkedIn_Jobs_Intel_2026-07-16_BATCH_01_LOSSLESS/04_DETAILED_JOB_PAGES.jsonl,NEXTPredict_LinkedIn_Jobs_Intel_2026-07-16_BATCH_01_LOSSLESS.zip,current_batch_searchable_text_or_index,2077,1404ad3ef1cdcd0eeb482f8f441d6bb75f58374db2331f414292c5cd2f08890c
02_CURRENT_BATCHES/NEXTPredict_LinkedIn_Jobs_Intel_2026-07-16_BATCH_01_LOSSLESS/NEXTPredict_LinkedIn_Jobs_Intel_2026-07-16_BATCH_01_LOSSLESS/05_VALIDATION_MANIFEST.json,NEXTPredict_LinkedIn_Jobs_Intel_2026-07-16_BATCH_01_LOSSLESS.zip,current_batch_searchable_text_or_index,437,65aa21352c888955b892695d93ae51be08afbe3f29a2b92a981e14b29fe46da6
02_CURRENT_BATCHES/NEXTPredict_LinkedIn_Jobs_Intel_2026-07-16_BATCH_01_LOSSLESS/NEXTPredict_LinkedIn_Jobs_Intel_2026-07-16_BATCH_01_LOSSLESS/README.md,NEXTPredict_LinkedIn_Jobs_Intel_2026-07-16_BATCH_01_LOSSLESS.zip,current_batch_searchable_text_or_index,386,4043ee17c9cda5a2a5058919b0306481cd47fc57433cffb3e5e18bd8648913fa
02_CURRENT_BATCHES/NEXTPredict_News_Articles_2026-07-16_BATCH_03_LOSSLESS/NEXTPredict_News_Articles_2026-07-16_BATCH_03_LOSSLESS/01_SOURCE_FILES_LOSSLESS.jsonl,NEXTPredict_News_Articles_2026-07-16_BATCH_03_LOSSLESS.zip,current_batch_searchable_text_or_index,546556,3d7fac2db69180c2042bfe083c6a65a9d980194476cc29d599b796bc24376fcf
02_CURRENT_BATCHES/NEXTPredict_News_Articles_2026-07-16_BATCH_03_LOSSLESS/NEXTPredict_News_Articles_2026-07-16_BATCH_03_LOSSLESS/02_ARTICLE_OCCURRENCES_LOSSLESS.jsonl,NEXTPredict_News_Articles_2026-07-16_BATCH_03_LOSSLESS.zip,current_batch_searchable_text_or_index,572709,f640b75527549cd2e3f54db7b427c2653d164e9e1acad3c7391b33d1a03a5877
02_CURRENT_BATCHES/NEXTPredict_News_Articles_2026-07-16_BATCH_03_LOSSLESS/NEXTPredict_News_Articles_2026-07-16_BATCH_03_LOSSLESS/03_SOURCE_FILE_MANIFEST.csv,NEXTPredict_News_Articles_2026-07-16_BATCH_03_LOSSLESS.zip,current_batch_searchable_text_or_index,3399,765df4f113a20d8b6f0585d4cf8cad74921a68fb29b335126ae6495a84158032
02_CURRENT_BATCHES/NEXTPredict_News_Articles_2026-07-16_BATCH_03_LOSSLESS/NEXTPredict_News_Articles_2026-07-16_BATCH_03_LOSSLESS/04_ARTICLE_OCCURRENCE_INDEX.csv,NEXTPredict_News_Articles_2026-07-16_BATCH_03_LOSSLESS.zip,current_batch_searchable_text_or_index,18640,c17e91990fa8f0e03183755e54899684237633957b9ce4769f2ab65f23ca069a
02_CURRENT_BATCHES/NEXTPredict_News_Articles_2026-07-16_BATCH_03_LOSSLESS/NEXTPredict_News_Articles_2026-07-16_BATCH_03_LOSSLESS/05_DUPLICATE_MAP.json,NEXTPredict_News_Articles_2026-07-16_BATCH_03_LOSSLESS.zip,current_batch_searchable_text_or_index,520,84bd8fec4eef20edc4fd3eb1b844ed29a2032cefa715a6d826f5875ecd946d23
02_CURRENT_BATCHES/NEXTPredict_News_Articles_2026-07-16_BATCH_03_LOSSLESS/NEXTPredict_News_Articles_2026-07-16_BATCH_03_LOSSLESS/06_VALIDATION_MANIFEST.json,NEXTPredict_News_Articles_2026-07-16_BATCH_03_LOSSLESS.zip,current_batch_searchable_text_or_index,831,3378dd9d8c352251d3804bdf1a47bd3e88f0c3f730bc451432d0c8f9cbac1707
02_CURRENT_BATCHES/NEXTPredict_News_Articles_2026-07-16_BATCH_03_LOSSLESS/NEXTPredict_News_Articles_2026-07-16_BATCH_03_LOSSLESS/README.md,NEXTPredict_News_Articles_2026-07-16_BATCH_03_LOSSLESS.zip,current_batch_searchable_text_or_index,1776,53db335c4e4f62eb038a2308772f517656e96f3588efa111f77ae693f83d63b7
02_CURRENT_BATCHES/NEXTPredict_News_Articles_2026-07-16_BATCH_04_LOSSLESS/NEXTPredict_News_Articles_2026-07-16_BATCH_04_LOSSLESS/01_SOURCE_FILES_LOSSLESS.jsonl,NEXTPredict_News_Articles_2026-07-16_BATCH_04_LOSSLESS.zip,current_batch_searchable_text_or_index,446264,bcb2808681ead829644f459d373bbb45d291173861c8fc41ca3296998786511f
02_CURRENT_BATCHES/NEXTPredict_News_Articles_2026-07-16_BATCH_04_LOSSLESS/NEXTPredict_News_Articles_2026-07-16_BATCH_04_LOSSLESS/02_ARTICLE_OCCURRENCES_LOSSLESS.jsonl,NEXTPredict_News_Articles_2026-07-16_BATCH_04_LOSSLESS.zip,current_batch_searchable_text_or_index,460894,4a42ea188dd3c5eb475c489cdb3be4427ac767e47d67d7a9c6b59fb121174232
02_CURRENT_BATCHES/NEXTPredict_News_Articles_2026-07-16_BATCH_04_LOSSLESS/NEXTPredict_News_Articles_2026-07-16_BATCH_04_LOSSLESS/03_SOURCE_FILE_MANIFEST.csv,NEXTPredict_News_Articles_2026-07-16_BATCH_04_LOSSLESS.zip,current_batch_searchable_text_or_index,3397,97262c71ef0a5625ab256b9edb2a0f0a7950e454418554864d7d26fd1b23bf02
02_CURRENT_BATCHES/NEXTPredict_News_Articles_2026-07-16_BATCH_04_LOSSLESS/NEXTPredict_News_Articles_2026-07-16_BATCH_04_LOSSLESS/04_ARTICLE_OCCURRENCE_INDEX.csv,NEXTPredict_News_Articles_2026-07-16_BATCH_04_LOSSLESS.zip,current_batch_searchable_text_or_index,10676,4f7274c5d7a2990be2a59c84ef4be722b61d9c3bef15d2778f8fa59c5399ca60
02_CURRENT_BATCHES/NEXTPredict_News_Articles_2026-07-16_BATCH_04_LOSSLESS/NEXTPredict_News_Articles_2026-07-16_BATCH_04_LOSSLESS/05_DUPLICATE_MAP.json,NEXTPredict_News_Articles_2026-07-16_BATCH_04_LOSSLESS.zip,current_batch_searchable_text_or_index,945,d2495eb5697cc8fb0a5a67a2396d4209a9f1fdab558a0717e8a2b11c02691fc4
02_CURRENT_BATCHES/NEXTPredict_News_Articles_2026-07-16_BATCH_04_LOSSLESS/NEXTPredict_News_Articles_2026-07-16_BATCH_04_LOSSLESS/06_INLINE_CHAT_OCCURRENCE_INDEX.csv,NEXTPredict_News_Articles_2026-07-16_BATCH_04_LOSSLESS.zip,current_batch_searchable_text_or_index,788,0e355ccac3c05a01aa843745c0f556e9d6fc8aeda7a473c068a56e4374ee0baf
02_CURRENT_BATCHES/NEXTPredict_News_Articles_2026-07-16_BATCH_04_LOSSLESS/NEXTPredict_News_Articles_2026-07-16_BATCH_04_LOSSLESS/07_INLINE_CHAT_PRESERVATION_NOTE.md,NEXTPredict_News_Articles_2026-07-16_BATCH_04_LOSSLESS.zip,current_batch_searchable_text_or_index,558,24fdd3604b6d2e8e9e2c1a83d3dc8dc4fb2b26eba1c26db21820f1e3d8fa9870
02_CURRENT_BATCHES/NEXTPredict_News_Articles_2026-07-16_BATCH_04_LOSSLESS/NEXTPredict_News_Articles_2026-07-16_BATCH_04_LOSSLESS/08_BATCH_CATALOGUE.csv,NEXTPredict_News_Articles_2026-07-16_BATCH_04_LOSSLESS.zip,current_batch_searchable_text_or_index,5842,dbea05fb0d709670c7f8037df26c29911f6e15d755b268948eff8ee5d379e557
02_CURRENT_BATCHES/NEXTPredict_News_Articles_2026-07-16_BATCH_04_LOSSLESS/NEXTPredict_News_Articles_2026-07-16_BATCH_04_LOSSLESS/09_VALIDATION_MANIFEST.json,NEXTPredict_News_Articles_2026-07-16_BATCH_04_LOSSLESS.zip,current_batch_searchable_text_or_index,1054,6f0fd99d9710970965778870082cb9fffaa7ba90782ff8ff22a8fb80783f2e44
02_CURRENT_BATCHES/NEXTPredict_News_Articles_2026-07-16_BATCH_04_LOSSLESS/NEXTPredict_News_Articles_2026-07-16_BATCH_04_LOSSLESS/README.md,NEXTPredict_News_Articles_2026-07-16_BATCH_04_LOSSLESS.zip,current_batch_searchable_text_or_index,1532,0228e733d679c7bea40982c56505cb5a0bf313a299aa119821e3f62b335853d1
02_CURRENT_BATCHES/NEXTPredict_News_Articles_2026-07-16_BATCH_05_LOSSLESS/NEXTPredict_News_Articles_2026-07-16_BATCH_05_LOSSLESS/01_SOURCE_FILES_LOSSLESS.jsonl,NEXTPredict_News_Articles_2026-07-16_BATCH_05_LOSSLESS.zip,current_batch_searchable_text_or_index,158853,647283f9b73bb92b55c63010a1d492fad727997007a9a33bee440863832b37e5
02_CURRENT_BATCHES/NEXTPredict_News_Articles_2026-07-16_BATCH_05_LOSSLESS/NEXTPredict_News_Articles_2026-07-16_BATCH_05_LOSSLESS/02_MOUNTED_ARTICLE_OCCURRENCES_LOSSLESS.jsonl,NEXTPredict_News_Articles_2026-07-16_BATCH_05_LOSSLESS.zip,current_batch_searchable_text_or_index,160828,3b4c0f5c7d5ed170ca2c37b8d7b87e5a187f91c5813e22de5a247526b0f1ac41
02_CURRENT_BATCHES/NEXTPredict_News_Articles_2026-07-16_BATCH_05_LOSSLESS/NEXTPredict_News_Articles_2026-07-16_BATCH_05_LOSSLESS/03_SOURCE_FILE_MANIFEST.csv,NEXTPredict_News_Articles_2026-07-16_BATCH_05_LOSSLESS.zip,current_batch_searchable_text_or_index,1745,970b639141aefda78837ca0df27ef3ef31ec5698aef2d821a8f71e327ea07ff1
02_CURRENT_BATCHES/NEXTPredict_News_Articles_2026-07-16_BATCH_05_LOSSLESS/NEXTPredict_News_Articles_2026-07-16_BATCH_05_LOSSLESS/04_MOUNTED_ARTICLE_OCCURRENCE_INDEX.csv,NEXTPredict_News_Articles_2026-07-16_BATCH_05_LOSSLESS.zip,current_batch_searchable_text_or_index,3103,10e25f7c743388a4d0b7ce5b45cb67a5695ce9ede0df5d7a51cc020a389740f7
02_CURRENT_BATCHES/NEXTPredict_News_Articles_2026-07-16_BATCH_05_LOSSLESS/NEXTPredict_News_Articles_2026-07-16_BATCH_05_LOSSLESS/05_DUPLICATE_MAP.json,NEXTPredict_News_Articles_2026-07-16_BATCH_05_LOSSLESS.zip,current_batch_searchable_text_or_index,781,4a843904326b453e94d8c805b03d033afd10f0a0c52560064f4235ba5d37699a
02_CURRENT_BATCHES/NEXTPredict_News_Articles_2026-07-16_BATCH_05_LOSSLESS/NEXTPredict_News_Articles_2026-07-16_BATCH_05_LOSSLESS/06_INLINE_CHAT_OCCURRENCE_INDEX.csv,NEXTPredict_News_Articles_2026-07-16_BATCH_05_LOSSLESS.zip,current_batch_searchable_text_or_index,5694,691bbb9081f46520d3408c35670c88a17f877e90c56e55da3fbff6376a9b7d66
02_CURRENT_BATCHES/NEXTPredict_News_Articles_2026-07-16_BATCH_05_LOSSLESS/NEXTPredict_News_Articles_2026-07-16_BATCH_05_LOSSLESS/07_INLINE_CHAT_PRESERVATION_NOTE.md,NEXTPredict_News_Articles_2026-07-16_BATCH_05_LOSSLESS.zip,current_batch_searchable_text_or_index,722,3b5ab9f2b00e28299c35ef1061bfcee37ab2f81493ef9701c22f607237c90f0d
02_CURRENT_BATCHES/NEXTPredict_News_Articles_2026-07-16_BATCH_05_LOSSLESS/NEXTPredict_News_Articles_2026-07-16_BATCH_05_LOSSLESS/08_BATCH_CATALOGUE.csv,NEXTPredict_News_Articles_2026-07-16_BATCH_05_LOSSLESS.zip,current_batch_searchable_text_or_index,7455,68f699f98f7d1eac200a7e8a976c950fca9f5b8a6829d7b1dc4fd128fdd214b1
02_CURRENT_BATCHES/NEXTPredict_News_Articles_2026-07-16_BATCH_05_LOSSLESS/NEXTPredict_News_Articles_2026-07-16_BATCH_05_LOSSLESS/09_VALIDATION_MANIFEST.json,NEXTPredict_News_Articles_2026-07-16_BATCH_05_LOSSLESS.zip,current_batch_searchable_text_or_index,1044,d3cffbe4e9ac850b789f0237da5e9f48a99f711f346bd1420460f94a8e930eae
02_CURRENT_BATCHES/NEXTPredict_News_Articles_2026-07-16_BATCH_05_LOSSLESS/NEXTPredict_News_Articles_2026-07-16_BATCH_05_LOSSLESS/README.md,NEXTPredict_News_Articles_2026-07-16_BATCH_05_LOSSLESS.zip,current_batch_searchable_text_or_index,1373,646c825d350eaaea35b7377462b60177b5fa3ebd51cbdf528c036822a0a1032b
02_CURRENT_BATCHES/NEXTPredict_Reddit_Intel_2026-07-16_BATCH_01_LOSSLESS/NEXTPredict_Reddit_Intel_2026-07-16_BATCH_01_LOSSLESS/01_SOURCE_FILES_LOSSLESS.jsonl,NEXTPredict_Reddit_Intel_2026-07-16_BATCH_01_LOSSLESS.zip,current_batch_searchable_text_or_index,511215,6438e6b443ea8663f166dc0e280785fd52041ce59b33d8047672b5274af0e9d1
02_CURRENT_BATCHES/NEXTPredict_Reddit_Intel_2026-07-16_BATCH_01_LOSSLESS/NEXTPredict_Reddit_Intel_2026-07-16_BATCH_01_LOSSLESS/02_REDDIT_OCCURRENCES_LOSSLESS.jsonl,NEXTPredict_Reddit_Intel_2026-07-16_BATCH_01_LOSSLESS.zip,current_batch_searchable_text_or_index,521660,b1d6813390d4f81e951bd173c8092f9f3984b1e29c0e6dc79a9479ee96ba86f5
02_CURRENT_BATCHES/NEXTPredict_Reddit_Intel_2026-07-16_BATCH_01_LOSSLESS/NEXTPredict_Reddit_Intel_2026-07-16_BATCH_01_LOSSLESS/03_SOURCE_FILE_MANIFEST.csv,NEXTPredict_Reddit_Intel_2026-07-16_BATCH_01_LOSSLESS.zip,current_batch_searchable_text_or_index,3396,119148b7e909204dfa9fccbc1b819f5d125a9e22054d62732642cad12a0f947d
02_CURRENT_BATCHES/NEXTPredict_Reddit_Intel_2026-07-16_BATCH_01_LOSSLESS/NEXTPredict_Reddit_Intel_2026-07-16_BATCH_01_LOSSLESS/04_REDDIT_OCCURRENCE_INDEX.csv,NEXTPredict_Reddit_Intel_2026-07-16_BATCH_01_LOSSLESS.zip,current_batch_searchable_text_or_index,6733,7ea7e945aba38e27581237aa03ccf729c9a1e9b3ae5e07bc9923122bb399b1b7
02_CURRENT_BATCHES/NEXTPredict_Reddit_Intel_2026-07-16_BATCH_01_LOSSLESS/NEXTPredict_Reddit_Intel_2026-07-16_BATCH_01_LOSSLESS/05_DUPLICATE_MAP.json,NEXTPredict_Reddit_Intel_2026-07-16_BATCH_01_LOSSLESS.zip,current_batch_searchable_text_or_index,267,3026c52764b47d995f2ab64e8ad0ca0ac25d17f6fbaebcd59d968472ca7db43d
02_CURRENT_BATCHES/NEXTPredict_Reddit_Intel_2026-07-16_BATCH_01_LOSSLESS/NEXTPredict_Reddit_Intel_2026-07-16_BATCH_01_LOSSLESS/06_VALIDATION_MANIFEST.json,NEXTPredict_Reddit_Intel_2026-07-16_BATCH_01_LOSSLESS.zip,current_batch_searchable_text_or_index,1016,82db3fcb34032623751b134be2e32f501808f3bc3907cf15bb1155f04a7f07a8
02_CURRENT_BATCHES/NEXTPredict_Reddit_Intel_2026-07-16_BATCH_01_LOSSLESS/NEXTPredict_Reddit_Intel_2026-07-16_BATCH_01_LOSSLESS/README.md,NEXTPredict_Reddit_Intel_2026-07-16_BATCH_01_LOSSLESS.zip,current_batch_searchable_text_or_index,1707,8b9ea0388cd12ee204cc92abca1760f7f0a26288a3c53140f6c736eaa1997d12
02_CURRENT_BATCHES/NEXTPredict_Reddit_Intel_2026-07-16_BATCH_02_LOSSLESS/NEXTPredict_Reddit_Intel_2026-07-16_BATCH_02_LOSSLESS/01_SOURCE_FILES_LOSSLESS.jsonl,NEXTPredict_Reddit_Intel_2026-07-16_BATCH_02_LOSSLESS.zip,current_batch_searchable_text_or_index,91636,f2883a124d872aac409942df67710f5165933846466e6e5ca6d9811571fe47b4
02_CURRENT_BATCHES/NEXTPredict_Reddit_Intel_2026-07-16_BATCH_02_LOSSLESS/NEXTPredict_Reddit_Intel_2026-07-16_BATCH_02_LOSSLESS/02_MOUNTED_REDDIT_OCCURRENCES_LOSSLESS.jsonl,NEXTPredict_Reddit_Intel_2026-07-16_BATCH_02_LOSSLESS.zip,current_batch_searchable_text_or_index,101122,6db5e2931fb4f1036623a6957c1a6a2b8bd7a082baac6ff2b780ca236e8859fd
02_CURRENT_BATCHES/NEXTPredict_Reddit_Intel_2026-07-16_BATCH_02_LOSSLESS/NEXTPredict_Reddit_Intel_2026-07-16_BATCH_02_LOSSLESS/03_SOURCE_FILE_MANIFEST.csv,NEXTPredict_Reddit_Intel_2026-07-16_BATCH_02_LOSSLESS.zip,current_batch_searchable_text_or_index,437,2ed619b50ab083dd997af1752969807f20a2130415bfeda171de711911cbd051
02_CURRENT_BATCHES/NEXTPredict_Reddit_Intel_2026-07-16_BATCH_02_LOSSLESS/NEXTPredict_Reddit_Intel_2026-07-16_BATCH_02_LOSSLESS/04_MOUNTED_REDDIT_OCCURRENCE_INDEX.csv,NEXTPredict_Reddit_Intel_2026-07-16_BATCH_02_LOSSLESS.zip,current_batch_searchable_text_or_index,4160,e31b4a3a51ff0938fafe64d77b33dcb93f6bed8e1dbc58d715ff400a75a4299b
02_CURRENT_BATCHES/NEXTPredict_Reddit_Intel_2026-07-16_BATCH_02_LOSSLESS/NEXTPredict_Reddit_Intel_2026-07-16_BATCH_02_LOSSLESS/05_DUPLICATE_MAP.json,NEXTPredict_Reddit_Intel_2026-07-16_BATCH_02_LOSSLESS.zip,current_batch_searchable_text_or_index,180,c7a778091d07f1f234203f8c9aee6588d537af8d44f216cc239db00119946f75
02_CURRENT_BATCHES/NEXTPredict_Reddit_Intel_2026-07-16_BATCH_02_LOSSLESS/NEXTPredict_Reddit_Intel_2026-07-16_BATCH_02_LOSSLESS/06_VALIDATION_MANIFEST.json,NEXTPredict_Reddit_Intel_2026-07-16_BATCH_02_LOSSLESS.zip,current_batch_searchable_text_or_index,1114,52f11a82fc903fc522291fbf840ffdda9f187163fed74ecd7c0d0a3ea3f90a9e
02_CURRENT_BATCHES/NEXTPredict_Reddit_Intel_2026-07-16_BATCH_02_LOSSLESS/NEXTPredict_Reddit_Intel_2026-07-16_BATCH_02_LOSSLESS/07_INLINE_CHAT_OCCURRENCE_INDEX.csv,NEXTPredict_Reddit_Intel_2026-07-16_BATCH_02_LOSSLESS.zip,current_batch_searchable_text_or_index,3053,cf18db89b7a349012162c89a5c97a87a0915744d9feac26b52650d09d0275763
02_CURRENT_BATCHES/NEXTPredict_Reddit_Intel_2026-07-16_BATCH_02_LOSSLESS/NEXTPredict_Reddit_Intel_2026-07-16_BATCH_02_LOSSLESS/08_INLINE_CHAT_PRESERVATION_NOTE.md,NEXTPredict_Reddit_Intel_2026-07-16_BATCH_02_LOSSLESS.zip,current_batch_searchable_text_or_index,439,cd4da69a3be410a5a15734c455f0f43dbe13b76564e7369666ab36bb378043b1
02_CURRENT_BATCHES/NEXTPredict_Reddit_Intel_2026-07-16_BATCH_02_LOSSLESS/NEXTPredict_Reddit_Intel_2026-07-16_BATCH_02_LOSSLESS/09_BATCH_CATALOGUE.csv,NEXTPredict_Reddit_Intel_2026-07-16_BATCH_02_LOSSLESS.zip,current_batch_searchable_text_or_index,4964,609841aceaf36fac6552b73b99573215b8d84e6968d087277e5d6b3d14a23c33
02_CURRENT_BATCHES/NEXTPredict_Reddit_Intel_2026-07-16_BATCH_02_LOSSLESS/NEXTPredict_Reddit_Intel_2026-07-16_BATCH_02_LOSSLESS/README.md,NEXTPredict_Reddit_Intel_2026-07-16_BATCH_02_LOSSLESS.zip,current_batch_searchable_text_or_index,974,26f31bd7b3d19cc12d8af4c024ee494e3e99ce7466c76de694ed04af654e5243
02_CURRENT_BATCHES/NEXTPredict_Research_Filings_2026-07-16_BATCH_01_LOSSLESS/NEXTPredict_Research_Filings_2026-07-16_BATCH_01_LOSSLESS/01_SOURCE_FILE_MANIFEST.csv,NEXTPredict_Research_Filings_2026-07-16_BATCH_01_LOSSLESS.zip,current_batch_searchable_text_or_index,5607,24da6328107ca3a9e419c15e985d7132b057e2d8cda72164232b2b18176b239c
02_CURRENT_BATCHES/NEXTPredict_Research_Filings_2026-07-16_BATCH_01_LOSSLESS/NEXTPredict_Research_Filings_2026-07-16_BATCH_01_LOSSLESS/02_TEXT_SOURCE_FILES_LOSSLESS.jsonl,NEXTPredict_Research_Filings_2026-07-16_BATCH_01_LOSSLESS.zip,current_batch_searchable_text_or_index,504694,f419b7745e6a6cc05654512068a1960d859767f3e1c4bfe39339b191bf81f30b
02_CURRENT_BATCHES/NEXTPredict_Research_Filings_2026-07-16_BATCH_01_LOSSLESS/NEXTPredict_Research_Filings_2026-07-16_BATCH_01_LOSSLESS/03_TEXT_OCCURRENCES_LOSSLESS.jsonl,NEXTPredict_Research_Filings_2026-07-16_BATCH_01_LOSSLESS.zip,current_batch_searchable_text_or_index,494204,f8b7dd7e50cecaf7339af90664b2b88855818cf16440d2ca8eb4938234d46a4d
02_CURRENT_BATCHES/NEXTPredict_Research_Filings_2026-07-16_BATCH_01_LOSSLESS/NEXTPredict_Research_Filings_2026-07-16_BATCH_01_LOSSLESS/04_TEXT_OCCURRENCE_INDEX.csv,NEXTPredict_Research_Filings_2026-07-16_BATCH_01_LOSSLESS.zip,current_batch_searchable_text_or_index,4659,dd88f1198111633b482c722caaf9dc58095b68ea7f1fdf970dde0c780e44d740
02_CURRENT_BATCHES/NEXTPredict_Research_Filings_2026-07-16_BATCH_01_LOSSLESS/NEXTPredict_Research_Filings_2026-07-16_BATCH_01_LOSSLESS/05_DOCUMENT_CATALOGUE.csv,NEXTPredict_Research_Filings_2026-07-16_BATCH_01_LOSSLESS.zip,current_batch_searchable_text_or_index,4407,93dcdfa51d927bafd37c749e07ac455c17eb315e4e20be806fec878d3ede30cd
02_CURRENT_BATCHES/NEXTPredict_Research_Filings_2026-07-16_BATCH_01_LOSSLESS/NEXTPredict_Research_Filings_2026-07-16_BATCH_01_LOSSLESS/06_PDF_TEXT_NAVIGATION/02_202606MetricsPressRelease_pdftotext_layout.txt,NEXTPredict_Research_Filings_2026-07-16_BATCH_01_LOSSLESS.zip,current_batch_searchable_text_or_index,14356,cdc26affd123f3ad2087405e38f03a4ed83d3c0fdf6e56b6ff120cf18528f6cd
02_CURRENT_BATCHES/NEXTPredict_Research_Filings_2026-07-16_BATCH_01_LOSSLESS/NEXTPredict_Research_Filings_2026-07-16_BATCH_01_LOSSLESS/06_PDF_TEXT_NAVIGATION/03_2606.31675v1_pdftotext_layout.txt,NEXTPredict_Research_Filings_2026-07-16_BATCH_01_LOSSLESS.zip,current_batch_searchable_text_or_index,391129,5e7ed6aa02034aa53a0a01dafb35aadf8ceed45dd023fcd8248fa287013c352c
02_CURRENT_BATCHES/NEXTPredict_Research_Filings_2026-07-16_BATCH_01_LOSSLESS/NEXTPredict_Research_Filings_2026-07-16_BATCH_01_LOSSLESS/06_PDF_TEXT_NAVIGATION/04_SWW_FedContract2025_pdftotext_layout.txt,NEXTPredict_Research_Filings_2026-07-16_BATCH_01_LOSSLESS.zip,current_batch_searchable_text_or_index,89204,06c5f339468519044397e9ee8720f10f01de0e3b8d54398fcc50b4d655450274
02_CURRENT_BATCHES/NEXTPredict_Research_Filings_2026-07-16_BATCH_01_LOSSLESS/NEXTPredict_Research_Filings_2026-07-16_BATCH_01_LOSSLESS/06_PDF_TEXT_NAVIGATION/05_prediction-markets-completion_pdftotext_layout.txt,NEXTPredict_Research_Filings_2026-07-16_BATCH_01_LOSSLESS.zip,current_batch_searchable_text_or_index,151498,c25e2c180c7a2a598effee0719e2ad1a706f0f87388aa3f51abb62f4a2332642
02_CURRENT_BATCHES/NEXTPredict_Research_Filings_2026-07-16_BATCH_01_LOSSLESS/NEXTPredict_Research_Filings_2026-07-16_BATCH_01_LOSSLESS/06_PDF_TEXT_NAVIGATION/06_01-134459_8if4_PdR-774_mascareno-et-al_pdftotext_layout.txt,NEXTPredict_Research_Filings_2026-07-16_BATCH_01_LOSSLESS.zip,current_batch_searchable_text_or_index,80512,7c1b46d47d8c8eed61e7d930040c26e7c345debb98f4f9d17473ad14e6ab40b8
02_CURRENT_BATCHES/NEXTPredict_Research_Filings_2026-07-16_BATCH_01_LOSSLESS/NEXTPredict_Research_Filings_2026-07-16_BATCH_01_LOSSLESS/06_PDF_TEXT_NAVIGATION/07_GPPR-Spring-2026_pdftotext_layout.txt,NEXTPredict_Research_Filings_2026-07-16_BATCH_01_LOSSLESS.zip,current_batch_searchable_text_or_index,573906,0a04b6cb3710465d637fc11a43005ed11eb6a5f411fdd4f7ac25fce88394c99c
02_CURRENT_BATCHES/NEXTPredict_Research_Filings_2026-07-16_BATCH_01_LOSSLESS/NEXTPredict_Research_Filings_2026-07-16_BATCH_01_LOSSLESS/06_PDF_TEXT_NAVIGATION/08_20250903_Parshant_MA_Thesis_pdftotext_layout.txt,NEXTPredict_Research_Filings_2026-07-16_BATCH_01_LOSSLESS.zip,current_batch_searchable_text_or_index,148493,d1f44e184126e34b5999447a5ef4b8ea49236433cbad4809f5f8dc235a0088ff
02_CURRENT_BATCHES/NEXTPredict_Research_Filings_2026-07-16_BATCH_01_LOSSLESS/NEXTPredict_Research_Filings_2026-07-16_BATCH_01_LOSSLESS/06_PDF_TEXT_NAVIGATION/09_Private_prediction_markets_and_the_law_pdftotext_layout.txt,NEXTPredict_Research_Filings_2026-07-16_BATCH_01_LOSSLESS.zip,current_batch_searchable_text_or_index,67885,411d6b22f1575d8edb5c9cb4da55806546dd4299fd43098f8b85e462d3a4f5a9
02_CURRENT_BATCHES/NEXTPredict_Research_Filings_2026-07-16_BATCH_01_LOSSLESS/NEXTPredict_Research_Filings_2026-07-16_BATCH_01_LOSSLESS/06_PDF_TEXT_NAVIGATION/10_030_pdftotext_layout.txt,NEXTPredict_Research_Filings_2026-07-16_BATCH_01_LOSSLESS.zip,current_batch_searchable_text_or_index,66345,91dc1a14abeb7abb300d63bc7c83cf9c6697383e4b4ea6a9b9a5f8be3c61fb2b
02_CURRENT_BATCHES/NEXTPredict_Research_Filings_2026-07-16_BATCH_01_LOSSLESS/NEXTPredict_Research_Filings_2026-07-16_BATCH_01_LOSSLESS/06_PDF_TEXT_NAVIGATION/16_mi-guide-to-the-markets-uk_pdftotext_layout.txt,NEXTPredict_Research_Filings_2026-07-16_BATCH_01_LOSSLESS.zip,current_batch_searchable_text_or_index,309385,dc65c9e548da51a52b19613cb09f0cd9cfeac7b2ddb5a27d1abf23d553a5f379
02_CURRENT_BATCHES/NEXTPredict_Research_Filings_2026-07-16_BATCH_01_LOSSLESS/NEXTPredict_Research_Filings_2026-07-16_BATCH_01_LOSSLESS/06_PDF_TEXT_NAVIGATION/17_PB_27-26 (Hélyette Geman)_pdftotext_layout.txt,NEXTPredict_Research_Filings_2026-07-16_BATCH_01_LOSSLESS.zip,current_batch_searchable_text_or_index,32613,8793aa13052f33a3bf2c991439cd3d4c3084a46111098f1ecd99c350c82a8b79
02_CURRENT_BATCHES/NEXTPredict_Research_Filings_2026-07-16_BATCH_01_LOSSLESS/NEXTPredict_Research_Filings_2026-07-16_BATCH_01_LOSSLESS/07_PDF_TEXT_NAVIGATION_INDEX.csv,NEXTPredict_Research_Filings_2026-07-16_BATCH_01_LOSSLESS.zip,current_batch_searchable_text_or_index,2562,db277c7ff0b8ab8e592ab594c9badefbd1db45520e0de5e9e7865007efddc2ec
02_CURRENT_BATCHES/NEXTPredict_Research_Filings_2026-07-16_BATCH_01_LOSSLESS/NEXTPredict_Research_Filings_2026-07-16_BATCH_01_LOSSLESS/08_PDF_RENDER_VERIFICATION.csv,NEXTPredict_Research_Filings_2026-07-16_BATCH_01_LOSSLESS.zip,current_batch_searchable_text_or_index,1461,eb4fe59a9f4cc3548514da04e52dd636c5d450cc32f39b1434d30f8517b3ee91
02_CURRENT_BATCHES/NEXTPredict_Research_Filings_2026-07-16_BATCH_01_LOSSLESS/NEXTPredict_Research_Filings_2026-07-16_BATCH_01_LOSSLESS/09_INLINE_CHAT_OCCURRENCE_INDEX.csv,NEXTPredict_Research_Filings_2026-07-16_BATCH_01_LOSSLESS.zip,current_batch_searchable_text_or_index,1637,2e0b7f74117bb6511c57342a1d1c91038c66d674bbbaa27c601c62c9ba26043f
02_CURRENT_BATCHES/NEXTPredict_Research_Filings_2026-07-16_BATCH_01_LOSSLESS/NEXTPredict_Research_Filings_2026-07-16_BATCH_01_LOSSLESS/10_INLINE_CHAT_PRESERVATION_NOTE.md,NEXTPredict_Research_Filings_2026-07-16_BATCH_01_LOSSLESS.zip,current_batch_searchable_text_or_index,422,77417f421c51883306d323567827015203dcfb9be13deb1df25b956ad48c20ac
02_CURRENT_BATCHES/NEXTPredict_Research_Filings_2026-07-16_BATCH_01_LOSSLESS/NEXTPredict_Research_Filings_2026-07-16_BATCH_01_LOSSLESS/11_DUPLICATE_MAP.json,NEXTPredict_Research_Filings_2026-07-16_BATCH_01_LOSSLESS.zip,current_batch_searchable_text_or_index,247,2380b8f31dfecc5f62e1a632cc320d5b46040211b31f19921b7daad9cdc90341
02_CURRENT_BATCHES/NEXTPredict_Research_Filings_2026-07-16_BATCH_01_LOSSLESS/NEXTPredict_Research_Filings_2026-07-16_BATCH_01_LOSSLESS/12_VALIDATION_MANIFEST.json,NEXTPredict_Research_Filings_2026-07-16_BATCH_01_LOSSLESS.zip,current_batch_searchable_text_or_index,748,245a69c32f2afa58c209b5f2bb7f3b7bb9beb1b8ee415a6f78ccb6742c69e249
02_CURRENT_BATCHES/NEXTPredict_Research_Filings_2026-07-16_BATCH_01_LOSSLESS/NEXTPredict_Research_Filings_2026-07-16_BATCH_01_LOSSLESS/README.md,NEXTPredict_Research_Filings_2026-07-16_BATCH_01_LOSSLESS.zip,current_batch_searchable_text_or_index,2084,60c7583089ea6ca31fab192bd4c9609a582f505a45895c18f196fe6767007a70
02_CURRENT_BATCHES/NEXTPredict_Research_Filings_2026-07-16_BATCH_02_LOSSLESS/NEXTPredict_Research_Filings_2026-07-16_BATCH_02_LOSSLESS/01_SOURCE_FILE_MANIFEST.csv,NEXTPredict_Research_Filings_2026-07-16_BATCH_02_LOSSLESS.zip,current_batch_searchable_text_or_index,1423,7cee93999bb72d3043b5dfaa0a7451bdbf1fcf9df27e68433c1811455d800f2c
02_CURRENT_BATCHES/NEXTPredict_Research_Filings_2026-07-16_BATCH_02_LOSSLESS/NEXTPredict_Research_Filings_2026-07-16_BATCH_02_LOSSLESS/02_TEXT_SOURCE_FILES_LOSSLESS.jsonl,NEXTPredict_Research_Filings_2026-07-16_BATCH_02_LOSSLESS.zip,current_batch_searchable_text_or_index,10697,03bc9b41498c712c81446e7810442dd4048bd70ed5bab84561160661faad655f
02_CURRENT_BATCHES/NEXTPredict_Research_Filings_2026-07-16_BATCH_02_LOSSLESS/NEXTPredict_Research_Filings_2026-07-16_BATCH_02_LOSSLESS/03_TEXT_OCCURRENCES_LOSSLESS.jsonl,NEXTPredict_Research_Filings_2026-07-16_BATCH_02_LOSSLESS.zip,current_batch_searchable_text_or_index,10964,2bf20bf7e5ee33c191a3dd53c40498e97f757183a3483e6c8cfbfb1264f2d149
02_CURRENT_BATCHES/NEXTPredict_Research_Filings_2026-07-16_BATCH_02_LOSSLESS/NEXTPredict_Research_Filings_2026-07-16_BATCH_02_LOSSLESS/04_TEXT_OCCURRENCE_INDEX.csv,NEXTPredict_Research_Filings_2026-07-16_BATCH_02_LOSSLESS.zip,current_batch_searchable_text_or_index,500,33f834ef6e23fe747b305b5d4a6923829db1d8a64e375d8a9287d5802da44a1b
02_CURRENT_BATCHES/NEXTPredict_Research_Filings_2026-07-16_BATCH_02_LOSSLESS/NEXTPredict_Research_Filings_2026-07-16_BATCH_02_LOSSLESS/05_DOCUMENT_CATALOGUE.csv,NEXTPredict_Research_Filings_2026-07-16_BATCH_02_LOSSLESS.zip,current_batch_searchable_text_or_index,3201,9b17a64e600fb30b1251d5da2243be7568ef498dc54ae852e1280deade724161
02_CURRENT_BATCHES/NEXTPredict_Research_Filings_2026-07-16_BATCH_02_LOSSLESS/NEXTPredict_Research_Filings_2026-07-16_BATCH_02_LOSSLESS/06_PDF_TEXT_NAVIGATION/01_WEF_The_Longevity_Dividend_2026_pdftotext_layout.txt,NEXTPredict_Research_Filings_2026-07-16_BATCH_02_LOSSLESS.zip,current_batch_searchable_text_or_index,180563,ff9991af87d30c3aadc1c702a2588c144d5cac1e124adb12c897e9fbc01b7615
02_CURRENT_BATCHES/NEXTPredict_Research_Filings_2026-07-16_BATCH_02_LOSSLESS/NEXTPredict_Research_Filings_2026-07-16_BATCH_02_LOSSLESS/06_PDF_TEXT_NAVIGATION/02_GE-Monthly-Fact-Sheet_pdftotext_layout.txt,NEXTPredict_Research_Filings_2026-07-16_BATCH_02_LOSSLESS.zip,current_batch_searchable_text_or_index,25862,f66764eb5a0b16c5111b18f32cc8f3044c33f4c481d964bdf665cadc2ca0588c
02_CURRENT_BATCHES/NEXTPredict_Research_Filings_2026-07-16_BATCH_02_LOSSLESS/NEXTPredict_Research_Filings_2026-07-16_BATCH_02_LOSSLESS/06_PDF_TEXT_NAVIGATION/03_2607.08199v2_pdftotext_layout.txt,NEXTPredict_Research_Filings_2026-07-16_BATCH_02_LOSSLESS.zip,current_batch_searchable_text_or_index,115690,1907afccd1e67f734e721e59081aae05c6a6b935aede68f2cba288ae31b858c2
02_CURRENT_BATCHES/NEXTPredict_Research_Filings_2026-07-16_BATCH_02_LOSSLESS/NEXTPredict_Research_Filings_2026-07-16_BATCH_02_LOSSLESS/06_PDF_TEXT_NAVIGATION/04_2607.09921v1_pdftotext_layout.txt,NEXTPredict_Research_Filings_2026-07-16_BATCH_02_LOSSLESS.zip,current_batch_searchable_text_or_index,80940,bc48242f0828442582a831c0461940f587085657b528a76f57e9a0e7193744e5
02_CURRENT_BATCHES/NEXTPredict_Research_Filings_2026-07-16_BATCH_02_LOSSLESS/NEXTPredict_Research_Filings_2026-07-16_BATCH_02_LOSSLESS/06_PDF_TEXT_NAVIGATION/05_rules0420261674_pdftotext_layout.txt,NEXTPredict_Research_Filings_2026-07-16_BATCH_02_LOSSLESS.zip,current_batch_searchable_text_or_index,16077,f80116747b1a4f1c0e41d763f46280bed493974de3db687a7c419ca6046c0ef2
02_CURRENT_BATCHES/NEXTPredict_Research_Filings_2026-07-16_BATCH_02_LOSSLESS/NEXTPredict_Research_Filings_2026-07-16_BATCH_02_LOSSLESS/06_PDF_TEXT_NAVIGATION/06_Market20260710SK증권_pdftotext_layout.txt,NEXTPredict_Research_Filings_2026-07-16_BATCH_02_LOSSLESS.zip,current_batch_searchable_text_or_index,70709,1ae5f054b57f03ea3eaa3098934bff7520f65d269b397810a7f477e77f56c35f
02_CURRENT_BATCHES/NEXTPredict_Research_Filings_2026-07-16_BATCH_02_LOSSLESS/NEXTPredict_Research_Filings_2026-07-16_BATCH_02_LOSSLESS/06_PDF_TEXT_NAVIGATION/08_2026HB-05038-R00-HB_pdftotext_layout.txt,NEXTPredict_Research_Filings_2026-07-16_BATCH_02_LOSSLESS.zip,current_batch_searchable_text_or_index,10058,f212102bdbdfc0e9a7e6e120a9d274c9d503c1535308886ab2533eaebc0bb40f
02_CURRENT_BATCHES/NEXTPredict_Research_Filings_2026-07-16_BATCH_02_LOSSLESS/NEXTPredict_Research_Filings_2026-07-16_BATCH_02_LOSSLESS/07_PDF_TEXT_NAVIGATION_INDEX.csv,NEXTPredict_Research_Filings_2026-07-16_BATCH_02_LOSSLESS.zip,current_batch_searchable_text_or_index,1698,a7dd1691098ed5e27aaea410e383dd160798188d954d8d1fe59c77a2b9962c0c
02_CURRENT_BATCHES/NEXTPredict_Research_Filings_2026-07-16_BATCH_02_LOSSLESS/NEXTPredict_Research_Filings_2026-07-16_BATCH_02_LOSSLESS/08_PDF_RENDER_VERIFICATION.csv,NEXTPredict_Research_Filings_2026-07-16_BATCH_02_LOSSLESS.zip,current_batch_searchable_text_or_index,1316,b00542de9d3c4f625ca61e1bca26759eb7c8114dcfecde0f114d53eb96d388c0
02_CURRENT_BATCHES/NEXTPredict_Research_Filings_2026-07-16_BATCH_02_LOSSLESS/NEXTPredict_Research_Filings_2026-07-16_BATCH_02_LOSSLESS/09_INLINE_CHAT_OCCURRENCE_INDEX.csv,NEXTPredict_Research_Filings_2026-07-16_BATCH_02_LOSSLESS.zip,current_batch_searchable_text_or_index,86,6ed54061b15e880c6ad387f3ca50322e94dd3572fefdd06ab23fb76f43b79372
02_CURRENT_BATCHES/NEXTPredict_Research_Filings_2026-07-16_BATCH_02_LOSSLESS/NEXTPredict_Research_Filings_2026-07-16_BATCH_02_LOSSLESS/10_INLINE_CHAT_PRESERVATION_NOTE.md,NEXTPredict_Research_Filings_2026-07-16_BATCH_02_LOSSLESS.zip,current_batch_searchable_text_or_index,189,147856cece0c174cc10593121e5ccdc39791083f4d1916d32e4d5b2eb6dfd013
02_CURRENT_BATCHES/NEXTPredict_Research_Filings_2026-07-16_BATCH_02_LOSSLESS/NEXTPredict_Research_Filings_2026-07-16_BATCH_02_LOSSLESS/11_DUPLICATE_MAP.json,NEXTPredict_Research_Filings_2026-07-16_BATCH_02_LOSSLESS.zip,current_batch_searchable_text_or_index,190,bd0ec4af241f7dbd9f4ec29de2e10bd8b3b7eabf2d798ab07886920aefaac118
02_CURRENT_BATCHES/NEXTPredict_Research_Filings_2026-07-16_BATCH_02_LOSSLESS/NEXTPredict_Research_Filings_2026-07-16_BATCH_02_LOSSLESS/12_VALIDATION_MANIFEST.json,NEXTPredict_Research_Filings_2026-07-16_BATCH_02_LOSSLESS.zip,current_batch_searchable_text_or_index,665,0fb41dd5478021796a578c69a627df54890143ae559dc7fec3ac157be8fa937c
02_CURRENT_BATCHES/NEXTPredict_Research_Filings_2026-07-16_BATCH_02_LOSSLESS/NEXTPredict_Research_Filings_2026-07-16_BATCH_02_LOSSLESS/README.md,NEXTPredict_Research_Filings_2026-07-16_BATCH_02_LOSSLESS.zip,current_batch_searchable_text_or_index,2366,2a019fae75b6284a941ef761b3cf6fb3e780c8f5e053e31f0d4b29e85f3d48c0
02_CURRENT_BATCHES/NEXTPredict_X_Twitter_Intel_2026-07-16_BATCH_01_SOURCE_CATALOGUE/NEXTPredict_X_Twitter_Intel_2026-07-16_BATCH_01_SOURCE_CATALOGUE/00_INLINE_CHAT_PRESERVATION_NOTE.md,NEXTPredict_X_Twitter_Intel_2026-07-16_BATCH_01_SOURCE_CATALOGUE.zip,current_batch_searchable_text_or_index,973,0a433c89463b2e9e6cef6232120c3d5dea6ac3bcbfef58a8d9de8f9994773423
02_CURRENT_BATCHES/NEXTPredict_X_Twitter_Intel_2026-07-16_BATCH_01_SOURCE_CATALOGUE/NEXTPredict_X_Twitter_Intel_2026-07-16_BATCH_01_SOURCE_CATALOGUE/01_X_TIMELINE_OCCURRENCES_CATALOGUE.jsonl,NEXTPredict_X_Twitter_Intel_2026-07-16_BATCH_01_SOURCE_CATALOGUE.zip,current_batch_searchable_text_or_index,76240,6243aa92fca7d0e863a5ae50d547077b6b10b8f157a8ba3e9fecca161a7118da
02_CURRENT_BATCHES/NEXTPredict_X_Twitter_Intel_2026-07-16_BATCH_01_SOURCE_CATALOGUE/NEXTPredict_X_Twitter_Intel_2026-07-16_BATCH_01_SOURCE_CATALOGUE/02_X_TIMELINE_OCCURRENCE_INDEX.csv,NEXTPredict_X_Twitter_Intel_2026-07-16_BATCH_01_SOURCE_CATALOGUE.zip,current_batch_searchable_text_or_index,18026,2f0712353da7a74176a44a36b806f4653bd4a06662e665592a096b1174820532
02_CURRENT_BATCHES/NEXTPredict_X_Twitter_Intel_2026-07-16_BATCH_01_SOURCE_CATALOGUE/NEXTPredict_X_Twitter_Intel_2026-07-16_BATCH_01_SOURCE_CATALOGUE/03_UNIQUE_POST_INDEX.csv,NEXTPredict_X_Twitter_Intel_2026-07-16_BATCH_01_SOURCE_CATALOGUE.zip,current_batch_searchable_text_or_index,10400,633c73b4cf401a4d0d2bbba71480c724bad8a44f9b020629e7e091e253454ec7
02_CURRENT_BATCHES/NEXTPredict_X_Twitter_Intel_2026-07-16_BATCH_01_SOURCE_CATALOGUE/NEXTPredict_X_Twitter_Intel_2026-07-16_BATCH_01_SOURCE_CATALOGUE/04_DUPLICATE_RESURFACING_MAP.json,NEXTPredict_X_Twitter_Intel_2026-07-16_BATCH_01_SOURCE_CATALOGUE.zip,current_batch_searchable_text_or_index,5056,f3edebc3b0b5ef317bc4926a95d39503243009a723b09f55a887af2cc8d1f139
02_CURRENT_BATCHES/NEXTPredict_X_Twitter_Intel_2026-07-16_BATCH_01_SOURCE_CATALOGUE/NEXTPredict_X_Twitter_Intel_2026-07-16_BATCH_01_SOURCE_CATALOGUE/05_CAPTURE_VIEW_MANIFEST.json,NEXTPredict_X_Twitter_Intel_2026-07-16_BATCH_01_SOURCE_CATALOGUE.zip,current_batch_searchable_text_or_index,6067,78ad1ea7f48788a450ba8510fda062e8bc5a356c2f5a787dc30de760ac4e56f9
02_CURRENT_BATCHES/NEXTPredict_X_Twitter_Intel_2026-07-16_BATCH_01_SOURCE_CATALOGUE/NEXTPredict_X_Twitter_Intel_2026-07-16_BATCH_01_SOURCE_CATALOGUE/06_VALIDATION_MANIFEST.json,NEXTPredict_X_Twitter_Intel_2026-07-16_BATCH_01_SOURCE_CATALOGUE.zip,current_batch_searchable_text_or_index,871,48829028c6be2834a6ddbfd05d29ae24eadbe88e820bcf298097c034f8a273b9
02_CURRENT_BATCHES/NEXTPredict_X_Twitter_Intel_2026-07-16_BATCH_01_SOURCE_CATALOGUE/NEXTPredict_X_Twitter_Intel_2026-07-16_BATCH_01_SOURCE_CATALOGUE/README.md,NEXTPredict_X_Twitter_Intel_2026-07-16_BATCH_01_SOURCE_CATALOGUE.zip,current_batch_searchable_text_or_index,1598,3814f28dc0e9a293cdb2c1b1d81d09670ee47c2876f848a82ccc427a65f944ca
02_CURRENT_BATCHES/NEXTPredict_YouTube_Intel_2026-07-16_BATCH_01_LOSSLESS/NEXTPredict_YouTube_Intel_2026-07-16_BATCH_01_LOSSLESS/01_SOURCE_FILES_LOSSLESS.jsonl,NEXTPredict_YouTube_Intel_2026-07-16_BATCH_01_LOSSLESS.zip,current_batch_searchable_text_or_index,780113,58103c959681044cee08871ce4b95cfac0e92ef380a5f8b76cc54add3cc06b5b
02_CURRENT_BATCHES/NEXTPredict_YouTube_Intel_2026-07-16_BATCH_01_LOSSLESS/NEXTPredict_YouTube_Intel_2026-07-16_BATCH_01_LOSSLESS/02_YOUTUBE_OCCURRENCES_LOSSLESS.jsonl,NEXTPredict_YouTube_Intel_2026-07-16_BATCH_01_LOSSLESS.zip,current_batch_searchable_text_or_index,788974,c83c5b8046ba79c9185ccff93591a6e9e2652c4b67e8d127d010ed66503d5e64
02_CURRENT_BATCHES/NEXTPredict_YouTube_Intel_2026-07-16_BATCH_01_LOSSLESS/NEXTPredict_YouTube_Intel_2026-07-16_BATCH_01_LOSSLESS/03_SOURCE_FILE_MANIFEST.csv,NEXTPredict_YouTube_Intel_2026-07-16_BATCH_01_LOSSLESS.zip,current_batch_searchable_text_or_index,3349,9baadeac0f56d7b7d7e657f55913e3f375086dd21113543891d3ea8cc3f3b7ef
02_CURRENT_BATCHES/NEXTPredict_YouTube_Intel_2026-07-16_BATCH_01_LOSSLESS/NEXTPredict_YouTube_Intel_2026-07-16_BATCH_01_LOSSLESS/04_YOUTUBE_OCCURRENCE_INDEX.csv,NEXTPredict_YouTube_Intel_2026-07-16_BATCH_01_LOSSLESS.zip,current_batch_searchable_text_or_index,8365,62590681bd337be85e794eeaee25cae58f919e2f7e68fc9e8d5d1f580df1819a
02_CURRENT_BATCHES/NEXTPredict_YouTube_Intel_2026-07-16_BATCH_01_LOSSLESS/NEXTPredict_YouTube_Intel_2026-07-16_BATCH_01_LOSSLESS/05_DUPLICATE_MAP.json,NEXTPredict_YouTube_Intel_2026-07-16_BATCH_01_LOSSLESS.zip,current_batch_searchable_text_or_index,167,8848464476de49ca2dbba5df38d13cd16046a5b6cc05abb5b24b5678f708e241
02_CURRENT_BATCHES/NEXTPredict_YouTube_Intel_2026-07-16_BATCH_01_LOSSLESS/NEXTPredict_YouTube_Intel_2026-07-16_BATCH_01_LOSSLESS/06_VALIDATION_MANIFEST.json,NEXTPredict_YouTube_Intel_2026-07-16_BATCH_01_LOSSLESS.zip,current_batch_searchable_text_or_index,799,daf953483e510e71a553bb97d02f918cadcc8a5430d301a17b30133c77f50d09
02_CURRENT_BATCHES/NEXTPredict_YouTube_Intel_2026-07-16_BATCH_01_LOSSLESS/NEXTPredict_YouTube_Intel_2026-07-16_BATCH_01_LOSSLESS/README.md,NEXTPredict_YouTube_Intel_2026-07-16_BATCH_01_LOSSLESS.zip,current_batch_searchable_text_or_index,1509,7de44b6fffe7fc5bac20e4b696a48afd25b2bce7f844b9d1bb446e3d684f7599
02_CURRENT_BATCHES/NEXTPredict_YouTube_Intel_2026-07-16_BATCH_02_LOSSLESS/NEXTPredict_YouTube_Intel_2026-07-16_BATCH_02_LOSSLESS/01_SOURCE_FILES_LOSSLESS.jsonl,NEXTPredict_YouTube_Intel_2026-07-16_BATCH_02_LOSSLESS.zip,current_batch_searchable_text_or_index,666698,6beb577838cc2bf77c063345e3715fde643c98575401947eb67645ada3015cc7
02_CURRENT_BATCHES/NEXTPredict_YouTube_Intel_2026-07-16_BATCH_02_LOSSLESS/NEXTPredict_YouTube_Intel_2026-07-16_BATCH_02_LOSSLESS/02_YOUTUBE_OCCURRENCES_LOSSLESS.jsonl,NEXTPredict_YouTube_Intel_2026-07-16_BATCH_02_LOSSLESS.zip,current_batch_searchable_text_or_index,674507,340289d2d57b8d7d3d3d34425fa758aad167442c0284f072f71e3585b619d7d7
02_CURRENT_BATCHES/NEXTPredict_YouTube_Intel_2026-07-16_BATCH_02_LOSSLESS/NEXTPredict_YouTube_Intel_2026-07-16_BATCH_02_LOSSLESS/03_SOURCE_FILE_MANIFEST.csv,NEXTPredict_YouTube_Intel_2026-07-16_BATCH_02_LOSSLESS.zip,current_batch_searchable_text_or_index,2407,d3b3a7fa8e93d716bd27f84102311f04b5245cf2056ef43aac2e4d0a9ecdfea0
02_CURRENT_BATCHES/NEXTPredict_YouTube_Intel_2026-07-16_BATCH_02_LOSSLESS/NEXTPredict_YouTube_Intel_2026-07-16_BATCH_02_LOSSLESS/04_YOUTUBE_OCCURRENCE_INDEX.csv,NEXTPredict_YouTube_Intel_2026-07-16_BATCH_02_LOSSLESS.zip,current_batch_searchable_text_or_index,7215,ff61f7e4dc61c552d388b1aaec6f2b2686eed235ce20d553de6799a7bb5fb255
02_CURRENT_BATCHES/NEXTPredict_YouTube_Intel_2026-07-16_BATCH_02_LOSSLESS/NEXTPredict_YouTube_Intel_2026-07-16_BATCH_02_LOSSLESS/06_VALIDATION_MANIFEST.json,NEXTPredict_YouTube_Intel_2026-07-16_BATCH_02_LOSSLESS.zip,current_batch_searchable_text_or_index,1353,b5c7b57d7b0cc3d04b473c78a914636dc2a576fed69ee8e95719ce4def2724a8
02_CURRENT_BATCHES/NEXTPredict_YouTube_Intel_2026-07-16_BATCH_02_LOSSLESS/NEXTPredict_YouTube_Intel_2026-07-16_BATCH_02_LOSSLESS/07_INLINE_CHAT_OCCURRENCE_INDEX.csv,NEXTPredict_YouTube_Intel_2026-07-16_BATCH_02_LOSSLESS.zip,current_batch_searchable_text_or_index,1290,c9286fb435240c7b92290ea8a999e284a265aa02c572ad77c48ede824f5ebe36
02_CURRENT_BATCHES/NEXTPredict_YouTube_Intel_2026-07-16_BATCH_02_LOSSLESS/NEXTPredict_YouTube_Intel_2026-07-16_BATCH_02_LOSSLESS/08_INLINE_CHAT_PRESERVATION_NOTE.md,NEXTPredict_YouTube_Intel_2026-07-16_BATCH_02_LOSSLESS.zip,current_batch_searchable_text_or_index,841,5612512efcfb1ab59d3166a3a5b1e250f39109408fed052330852e22b996cc0d
02_CURRENT_BATCHES/NEXTPredict_YouTube_Intel_2026-07-16_BATCH_02_LOSSLESS/NEXTPredict_YouTube_Intel_2026-07-16_BATCH_02_LOSSLESS/README.md,NEXTPredict_YouTube_Intel_2026-07-16_BATCH_02_LOSSLESS.zip,current_batch_searchable_text_or_index,2220,8ac63a593ebf9ce181cc85dd0d10ddc4393966fae9ee8942c3623ce33e4aa3ea
02_CURRENT_BATCHES/nexpredict_stuart_prediction_markets_handoff_2026-07-03/nexpredict_chat_handoff_2026-07-03/README.md,nexpredict_stuart_prediction_markets_handoff_2026-07-03.zip,current_batch_searchable_text_or_index,1589,b99d3020a5879009a674a28f2670c2f9549e8855a2e4aba35ec28885efbdd77d
02_CURRENT_BATCHES/nexpredict_stuart_prediction_markets_handoff_2026-07-03/nexpredict_chat_handoff_2026-07-03/01_stuart_voice_and_prediction_markets_thinking.md,nexpredict_stuart_prediction_markets_handoff_2026-07-03.zip,current_batch_searchable_text_or_index,10073,a2b615d42b3c49bb3392a5815691d3d3d1d358a7b9d771a76b1876ebc0a876cf
02_CURRENT_BATCHES/nexpredict_stuart_prediction_markets_handoff_2026-07-03/nexpredict_chat_handoff_2026-07-03/02_chatgpt_or_claude_master_prompt.md,nexpredict_stuart_prediction_markets_handoff_2026-07-03.zip,current_batch_searchable_text_or_index,5448,5f62d717cc23e383e8cab63f141d969ad19c8b2e9173c3acb66790a9638577a7
02_CURRENT_BATCHES/nexpredict_stuart_prediction_markets_handoff_2026-07-03/nexpredict_chat_handoff_2026-07-03/03_agent_mode_email_research_prompt.md,nexpredict_stuart_prediction_markets_handoff_2026-07-03.zip,current_batch_searchable_text_or_index,7986,d51a79b0e9bb0db30e22120bc43e6b0490e643fbe6d30884aa1de49000cdd5e8
02_CURRENT_BATCHES/nexpredict_stuart_prediction_markets_handoff_2026-07-03/nexpredict_chat_handoff_2026-07-03/04_comments_and_social_examples.md,nexpredict_stuart_prediction_markets_handoff_2026-07-03.zip,current_batch_searchable_text_or_index,5620,e72ba54c8f29cc43461d7d6656233c036d81953d23d073f72c9502e6793181cd
02_CURRENT_BATCHES/nexpredict_stuart_prediction_markets_handoff_2026-07-03/nexpredict_chat_handoff_2026-07-03/05_lead_research_and_email_status.md,nexpredict_stuart_prediction_markets_handoff_2026-07-03.zip,current_batch_searchable_text_or_index,6641,f7ac09ec9dcdfcdecc81c4b6c24376e85f87cf2fdf8e73fbcfa0a15f59f99c14
02_CURRENT_BATCHES/nexpredict_stuart_prediction_markets_handoff_2026-07-03/nexpredict_chat_handoff_2026-07-03/06_outreach_email_templates.md,nexpredict_stuart_prediction_markets_handoff_2026-07-03.zip,current_batch_searchable_text_or_index,16525,ed7b6f1118814d42dfedf61e09e17353c0beb3d4c5e2ec84af8941e4006abdaf
02_CURRENT_BATCHES/nexpredict_stuart_prediction_markets_handoff_2026-07-03/nexpredict_chat_handoff_2026-07-03/07_prediction_markets_intel_themes.md,nexpredict_stuart_prediction_markets_handoff_2026-07-03.zip,current_batch_searchable_text_or_index,4897,9983e21136372953c047df9c2431b59ab55689dd51b1c3f8f8a65c659bce32da
02_CURRENT_BATCHES/nexpredict_stuart_prediction_markets_handoff_2026-07-03/nexpredict_chat_handoff_2026-07-03/index.json,nexpredict_stuart_prediction_markets_handoff_2026-07-03.zip,current_batch_searchable_text_or_index,768,d0766bd57691b4170d8c9d9e0d0dd8df068704e07225e7ef612e7c10d3a2c19d
02_CURRENT_BATCHES/nexpredict_stuart_prediction_markets_handoff_2026-07-03/nexpredict_chat_handoff_2026-07-03/data/lead_targets.jsonl,nexpredict_stuart_prediction_markets_handoff_2026-07-03.zip,current_batch_searchable_text_or_index,3802,92f113433699f32558649fce6c1a0aaedf1a9bc2227ee035c161ab2271ea9f0c
02_CURRENT_BATCHES/nexpredict_stuart_prediction_markets_handoff_2026-07-03/nexpredict_chat_handoff_2026-07-03/data/bounced_emails.jsonl,nexpredict_stuart_prediction_markets_handoff_2026-07-03.zip,current_batch_searchable_text_or_index,1058,02fbee0bb35ddefd6fb7cb51a575a3fad796b9465162b0caf460fa298dae6d4f
02_CURRENT_BATCHES/nexpredict_stuart_prediction_markets_handoff_2026-07-03/nexpredict_chat_handoff_2026-07-03/data/style_rules.json,nexpredict_stuart_prediction_markets_handoff_2026-07-03.zip,current_batch_searchable_text_or_index,1145,c4501f37b76a89098d3689b32563f77ec2c2c081f9e01e2fa1280ac5b6c0ce7b
02_CURRENT_BATCHES/NEXTPredict_ALL_Search_Terms_Complete_2026-07-10_4_/NEXTPredict_All_Search_Terms_Complete/00_ALL_SEARCH_TERMS.csv,NEXTPredict_ALL_Search_Terms_Complete_2026-07-10(4).zip,current_batch_searchable_text_or_index,55564,26e2fa51ec35eec8016ab390d9e364ac067442cfe38096226a36efa293dfbc17
02_CURRENT_BATCHES/NEXTPredict_ALL_Search_Terms_Complete_2026-07-10_4_/NEXTPredict_All_Search_Terms_Complete/00_ALL_SEARCH_TERMS_DEDUPED.txt,NEXTPredict_ALL_Search_Terms_Complete_2026-07-10(4).zip,current_batch_searchable_text_or_index,40788,29f121e35803eea5ebc5ceeb4c83d205d6dbc436ee99b66e5ee255a864d8abdf
02_CURRENT_BATCHES/NEXTPredict_ALL_Search_Terms_Complete_2026-07-10_4_/NEXTPredict_All_Search_Terms_Complete/00_ALL_SEARCH_TERMS_RAW_COMPLETE.txt,NEXTPredict_ALL_Search_Terms_Complete_2026-07-10(4).zip,current_batch_searchable_text_or_index,48860,26d51b6596e1af94c15f175e283e78de5715fdebbce6d4917c4a31d0675a547e
02_CURRENT_BATCHES/NEXTPredict_ALL_Search_Terms_Complete_2026-07-10_4_/NEXTPredict_All_Search_Terms_Complete/01_Core_Category_Searches.txt,NEXTPredict_ALL_Search_Terms_Complete_2026-07-10(4).zip,current_batch_searchable_text_or_index,1278,8bab15f87c9a16b57790b15a2976d860af2b512487012beb5f1fa5d01774332c
02_CURRENT_BATCHES/NEXTPredict_ALL_Search_Terms_Complete_2026-07-10_4_/NEXTPredict_All_Search_Terms_Complete/02_Company_and_Product_Monitoring.txt,NEXTPredict_ALL_Search_Terms_Complete_2026-07-10(4).zip,current_batch_searchable_text_or_index,1704,55696bf3ef7c6177c052f4e1f6893e44f05a788c232c0905a75e623544446990
02_CURRENT_BATCHES/NEXTPredict_ALL_Search_Terms_Complete_2026-07-10_4_/NEXTPredict_All_Search_Terms_Complete/03_News_and_Recent_Developments.txt,NEXTPredict_ALL_Search_Terms_Complete_2026-07-10(4).zip,current_batch_searchable_text_or_index,764,9c9ce1573e54172d047477f5b2e830f73de652f266079466cf50eb5fe0ad3c18
02_CURRENT_BATCHES/NEXTPredict_ALL_Search_Terms_Complete_2026-07-10_4_/NEXTPredict_All_Search_Terms_Complete/04_Regulatory_and_Legal_Monitoring.txt,NEXTPredict_ALL_Search_Terms_Complete_2026-07-10(4).zip,current_batch_searchable_text_or_index,3134,4fbde30693b81b3b9bb3fd509a77c207c5ffe8c64b98fb74b93f3d1c636ae620
02_CURRENT_BATCHES/NEXTPredict_ALL_Search_Terms_Complete_2026-07-10_4_/NEXTPredict_All_Search_Terms_Complete/05_Compliance_Integrity_and_Insider_Trading.txt,NEXTPredict_ALL_Search_Terms_Complete_2026-07-10(4).zip,current_batch_searchable_text_or_index,1426,3646d32bbaf691e309c3cb1a68868ecd9ffaf45cc8a87fa2f315ce42e796e231
02_CURRENT_BATCHES/NEXTPredict_ALL_Search_Terms_Complete_2026-07-10_4_/NEXTPredict_All_Search_Terms_Complete/06_Market_Structure_and_Infrastructure.txt,NEXTPredict_ALL_Search_Terms_Complete_2026-07-10(4).zip,current_batch_searchable_text_or_index,1541,591073fafdde693d32d94d31063c2282ec08cc40e0cf26a44e639d2ae5eb08ad
02_CURRENT_BATCHES/NEXTPredict_ALL_Search_Terms_Complete_2026-07-10_4_/NEXTPredict_All_Search_Terms_Complete/07_Data_Settlement_and_Oracles.txt,NEXTPredict_ALL_Search_Terms_Complete_2026-07-10(4).zip,current_batch_searchable_text_or_index,1290,95e7337b1bf90c609a1c9d7aea909af889a5679f0fcfb12ee61a667deaed1e44
02_CURRENT_BATCHES/NEXTPredict_ALL_Search_Terms_Complete_2026-07-10_4_/NEXTPredict_All_Search_Terms_Complete/08_Sports_and_iGaming_Crossover.txt,NEXTPredict_ALL_Search_Terms_Complete_2026-07-10(4).zip,current_batch_searchable_text_or_index,1753,c99edb326ab043d8fe9d2e8a7e2e26e8d9cff887ae11995239f30a24fffe8817
02_CURRENT_BATCHES/NEXTPredict_ALL_Search_Terms_Complete_2026-07-10_4_/NEXTPredict_All_Search_Terms_Complete/09_Sports_Business_Rights_and_IP.txt,NEXTPredict_ALL_Search_Terms_Complete_2026-07-10(4).zip,current_batch_searchable_text_or_index,1150,4533030def4a7d8bf57873b6f572d2891441c66763b9f77413671ba2643622c0
02_CURRENT_BATCHES/NEXTPredict_ALL_Search_Terms_Complete_2026-07-10_4_/NEXTPredict_All_Search_Terms_Complete/10_Distribution_Partnerships_and_Embedded_Markets.txt,NEXTPredict_ALL_Search_Terms_Complete_2026-07-10(4).zip,current_batch_searchable_text_or_index,1060,f4c7a8fe5d444efc559b17c90d394bd2a016dc679b9fcc6eca25cf4312de7db6
02_CURRENT_BATCHES/NEXTPredict_ALL_Search_Terms_Complete_2026-07-10_4_/NEXTPredict_All_Search_Terms_Complete/11_Institutional_Adoption_and_Professional_Trading.txt,NEXTPredict_ALL_Search_Terms_Complete_2026-07-10(4).zip,current_batch_searchable_text_or_index,1125,3dcd59b1b7265b9b061e0eb36b0e6618ad21933e05f94ac451186321d1cae381
02_CURRENT_BATCHES/NEXTPredict_ALL_Search_Terms_Complete_2026-07-10_4_/NEXTPredict_All_Search_Terms_Complete/12_Funding_Investment_and_Corporate_Activity.txt,NEXTPredict_ALL_Search_Terms_Complete_2026-07-10(4).zip,current_batch_searchable_text_or_index,1029,a4b6e83e435d2b99b4e0c4453e04b6142492329514652cdb94314aa0cccca1ba
02_CURRENT_BATCHES/NEXTPredict_ALL_Search_Terms_Complete_2026-07-10_4_/NEXTPredict_All_Search_Terms_Complete/13_Hiring_Talent_and_Executive_Movement.txt,NEXTPredict_ALL_Search_Terms_Complete_2026-07-10(4).zip,current_batch_searchable_text_or_index,941,12f97d00ba408bd7d724a6b28a034ff1dce0743fe862c27d4999d0e4bb584834
02_CURRENT_BATCHES/NEXTPredict_ALL_Search_Terms_Complete_2026-07-10_4_/NEXTPredict_All_Search_Terms_Complete/14_AI_Agents_Bots_and_Developer_Tools.txt,NEXTPredict_ALL_Search_Terms_Complete_2026-07-10(4).zip,current_batch_searchable_text_or_index,1419,fe80331aa4ac04eeb8a7c497dc4635ea39cb3073ace30bfd03bfdec9ba4ef912
02_CURRENT_BATCHES/NEXTPredict_ALL_Search_Terms_Complete_2026-07-10_4_/NEXTPredict_All_Search_Terms_Complete/15_Media_Culture_Creators_and_Brand_Risk.txt,NEXTPredict_ALL_Search_Terms_Complete_2026-07-10(4).zip,current_batch_searchable_text_or_index,1105,61bdb0a1d6784b2056afb8f99e1a0bb261030e7abaf665f3d390a8945bde7246
02_CURRENT_BATCHES/NEXTPredict_ALL_Search_Terms_Complete_2026-07-10_4_/NEXTPredict_All_Search_Terms_Complete/16_Consumer_Protection_and_Education.txt,NEXTPredict_ALL_Search_Terms_Complete_2026-07-10(4).zip,current_batch_searchable_text_or_index,729,7fe541f5d8107f2538cd97cdca3044efc40610bc315ea5da7e25f49450e6c272
02_CURRENT_BATCHES/NEXTPredict_ALL_Search_Terms_Complete_2026-07-10_4_/NEXTPredict_All_Search_Terms_Complete/17_Social_Media_Searches.txt,NEXTPredict_ALL_Search_Terms_Complete_2026-07-10(4).zip,current_batch_searchable_text_or_index,1603,fbe4bb977b22453f0067c6ebb8fedc60f1968bc508fe2ca59b045d3bebebb4d2
02_CURRENT_BATCHES/NEXTPredict_ALL_Search_Terms_Complete_2026-07-10_4_/NEXTPredict_All_Search_Terms_Complete/18_Reddit_Searches.txt,NEXTPredict_ALL_Search_Terms_Complete_2026-07-10(4).zip,current_batch_searchable_text_or_index,2011,81c7947a59a1ea300f35f3211153f0b05d8ee138e5073089160d94b69e64dd29
02_CURRENT_BATCHES/NEXTPredict_ALL_Search_Terms_Complete_2026-07-10_4_/NEXTPredict_All_Search_Terms_Complete/19_Newsletters_Blogs_and_Independent_Analysis.txt,NEXTPredict_ALL_Search_Terms_Complete_2026-07-10(4).zip,current_batch_searchable_text_or_index,666,f551172c485f5ff79a2ed6a742348ecd9ba56799ae17335aef08b6c8cdaca830
02_CURRENT_BATCHES/NEXTPredict_ALL_Search_Terms_Complete_2026-07-10_4_/NEXTPredict_All_Search_Terms_Complete/20_Video_and_Podcast_Searches.txt,NEXTPredict_ALL_Search_Terms_Complete_2026-07-10(4).zip,current_batch_searchable_text_or_index,811,978087dffe73e768177efe2a2b83b9ff5d6f00b407c64b10fffde12d62d9ec2b
02_CURRENT_BATCHES/NEXTPredict_ALL_Search_Terms_Complete_2026-07-10_4_/NEXTPredict_All_Search_Terms_Complete/21_Academic_Research_and_Think_Tanks.txt,NEXTPredict_ALL_Search_Terms_Complete_2026-07-10(4).zip,current_batch_searchable_text_or_index,1084,61ed5cf019babfb2abab32a117b158b010baaa0e41ac964704f56436a623c25b
02_CURRENT_BATCHES/NEXTPredict_ALL_Search_Terms_Complete_2026-07-10_4_/NEXTPredict_All_Search_Terms_Complete/22_PDF_Report_and_Presentation_Searches.txt,NEXTPredict_ALL_Search_Terms_Complete_2026-07-10(4).zip,current_batch_searchable_text_or_index,755,63a4ca2e3d75b0d5e855a5953d93e3732955b1c1cb0dcacef3cfa9ce750f5aaf
02_CURRENT_BATCHES/NEXTPredict_ALL_Search_Terms_Complete_2026-07-10_4_/NEXTPredict_All_Search_Terms_Complete/23_Patents_Trademarks_and_Corporate_Records.txt,NEXTPredict_ALL_Search_Terms_Complete_2026-07-10(4).zip,current_batch_searchable_text_or_index,573,b7c20d3cdfc3fd7c4b97b3e3514c417578555399a58a2cda8406b8940a11706c
02_CURRENT_BATCHES/NEXTPredict_ALL_Search_Terms_Complete_2026-07-10_4_/NEXTPredict_All_Search_Terms_Complete/24_Government_Procurement_and_Public_Sector.txt,NEXTPredict_ALL_Search_Terms_Complete_2026-07-10(4).zip,current_batch_searchable_text_or_index,584,fd8c42e80747288bc9c2f3272598f211af3d02c08de1c79874e7a7011339c884
02_CURRENT_BATCHES/NEXTPredict_ALL_Search_Terms_Complete_2026-07-10_4_/NEXTPredict_All_Search_Terms_Complete/25_Speaker_Sourcing.txt,NEXTPredict_ALL_Search_Terms_Complete_2026-07-10(4).zip,current_batch_searchable_text_or_index,1047,5ad87478d4588d3e0bbb6111d3bf3379fe60eee3ef9340e47bfe10f49792bbca
02_CURRENT_BATCHES/NEXTPredict_ALL_Search_Terms_Complete_2026-07-10_4_/NEXTPredict_All_Search_Terms_Complete/26_Sponsor_and_Commercial_Lead_Generation.txt,NEXTPredict_ALL_Search_Terms_Complete_2026-07-10(4).zip,current_batch_searchable_text_or_index,1187,42f584670c921bb7026915f8621026fddb6731b740c53cf0127c8cfe3bdae924
02_CURRENT_BATCHES/NEXTPredict_ALL_Search_Terms_Complete_2026-07-10_4_/NEXTPredict_All_Search_Terms_Complete/27_Editorial_and_Story_Discovery.txt,NEXTPredict_ALL_Search_Terms_Complete_2026-07-10(4).zip,current_batch_searchable_text_or_index,1315,53e46ce59a2534ad063b81e155f23c546f209b97e588a043679e5aa5b1658c5f
02_CURRENT_BATCHES/NEXTPredict_ALL_Search_Terms_Complete_2026-07-10_4_/NEXTPredict_All_Search_Terms_Complete/28_Trade_and_Financial_Media_Searches.txt,NEXTPredict_ALL_Search_Terms_Complete_2026-07-10(4).zip,current_batch_searchable_text_or_index,1296,1d2a0667644bae2d6ca62ef3f06840704b13b3a5ea16939d26ad273f87c704a8
02_CURRENT_BATCHES/NEXTPredict_ALL_Search_Terms_Complete_2026-07-10_4_/NEXTPredict_All_Search_Terms_Complete/29_Noise_Reduction_Searches.txt,NEXTPredict_ALL_Search_Terms_Complete_2026-07-10(4).zip,current_batch_searchable_text_or_index,716,b80bffb75a7856d171f8b95d335a4f4958875b3d1c5a2d8cfa2db9301b1f92c3
02_CURRENT_BATCHES/NEXTPredict_ALL_Search_Terms_Complete_2026-07-10_4_/NEXTPredict_All_Search_Terms_Complete/30_Recommended_Daily_Search_Stack.txt,NEXTPredict_ALL_Search_Terms_Complete_2026-07-10(4).zip,current_batch_searchable_text_or_index,1737,7505d66bcbb5b2799ea8f2d2a3aae9876c1711e75eaa796074cef5359eda715e
02_CURRENT_BATCHES/NEXTPredict_ALL_Search_Terms_Complete_2026-07-10_4_/NEXTPredict_All_Search_Terms_Complete/31_Recommended_Weekly_Rotation.txt,NEXTPredict_ALL_Search_Terms_Complete_2026-07-10(4).zip,current_batch_searchable_text_or_index,1018,b508775c7b9a30fba5b7392b76b74a02ecae481e353b13cbaa7e39fc32d7b1b1
02_CURRENT_BATCHES/NEXTPredict_ALL_Search_Terms_Complete_2026-07-10_4_/NEXTPredict_All_Search_Terms_Complete/32_Google_Alerts_Shortlist.txt,NEXTPredict_ALL_Search_Terms_Complete_2026-07-10(4).zip,current_batch_searchable_text_or_index,351,9595568d6e76e85a8f14a5a364ce59aa61a879cf84249377b45fccfb7ea922ed
02_CURRENT_BATCHES/NEXTPredict_ALL_Search_Terms_Complete_2026-07-10_4_/NEXTPredict_All_Search_Terms_Complete/33_Operator_Cheat_Sheet.txt,NEXTPredict_ALL_Search_Terms_Complete_2026-07-10(4).zip,current_batch_searchable_text_or_index,622,a0f6c702d6b32f8477417e578613f70f756d3370144c7c86fc2fbdc79bfb1cfa
02_CURRENT_BATCHES/NEXTPredict_ALL_Search_Terms_Complete_2026-07-10_4_/NEXTPredict_All_Search_Terms_Complete/34_Practical_Rules_and_Term_Banks.txt,NEXTPredict_ALL_Search_Terms_Complete_2026-07-10(4).zip,current_batch_searchable_text_or_index,318,65e75b47a8fb21701414830bb99b18245cb486a877b7d14ea50f9ab19a55e825
02_CURRENT_BATCHES/NEXTPredict_ALL_Search_Terms_Complete_2026-07-10_4_/NEXTPredict_All_Search_Terms_Complete/35_Earlier_Chat_Variants_and_Actual_Searches.txt,NEXTPredict_ALL_Search_Terms_Complete_2026-07-10(4).zip,current_batch_searchable_text_or_index,7806,91b0233509fee7788262622d6fa21a2d61fe6e39379e38713b86ba5fa65387d1
02_CURRENT_BATCHES/NEXTPredict_ALL_Search_Terms_Complete_2026-07-10_4_/NEXTPredict_All_Search_Terms_Complete/README.txt,NEXTPredict_ALL_Search_Terms_Complete_2026-07-10(4).zip,current_batch_searchable_text_or_index,646,bf650a4698465a3aed56fc2ffadf16c4054e0d1abab19319e8a75c461725776d
